sales,tv,social,phone,sms,store
127141.8,18861451.95,25770287.44,47921.33,265085.22,236087.18
170215.02,10037310.82,23219411.38,54538.9,204685.78,352303.53
153061.46,13475245.1,10319199.56,,114001.89,266285.28
91784.26,25711938.33,9130311,53384.16,237807.24,249069.18
36435.07,29822539.32,11756724.65,64812.98,144947.43,191592.51
87797.95,15905504.27,8854684,51232.23,128353,511567.92
103907.32,18919035.92,12879101.6,77815.09,249776.17,398693.17
80902.92,19216978.56,18958065.81,53494.61,245766.51,189581.02
196608.49,6966264.9,12514555.55,52750.2,273858.46,297809.21
116533.6,14061930.64,19537981.42,48661.85,87179.42,297572.79
80227.29,25202516.67,21734472.41,77471.3,81343.81,320592.93
41105.47,25889293.46,23328623.61,62843.26,189973.24,371583.64
155574.45,8080595,23530942.76,82633.5,191330.64,358784.2
37809.15,24351547.55,11965587.7,40277.02,260266.23,571628.55
76733.01,,19776663.82,66374.13,250501.13,566722.82
147390.6,11105419.63,11292322.51,68751.84,157033.62,321838
167632.82,13167168.24,24423179.01,69264.18,170429.05,482785.94
31700.84,9953239,21188958.17,36662.69,,379821.23
91174.07,5538968,16504646.89,37447.06,,461873.3
178967.21,22751246.73,16397092.99,61494.92,,281903.03
48104.79,26087382.67,27722232.69,32417.37,,454580.92
81407.73,25619117.15,,60933.15,258629.75,527699
170857.64,15537607.36,16552881.55,76841.45,129454.39,516049.81
88723.05,23551255.57,10275052.96,70686.5,108081.16,344899.6
179734.82,22102137.98,15358676.85,82929.36,123896.76,186417.65
78456.79,6639100,20958228.69,54656.62,233927.11,558408.9
60207.55,10757157.93,13266054.02,24253.4,275537.72,478918.93
101964.89,11638256.89,14898699.38,38663.13,144564.32,324305.38
140479.47,18726770.75,23770626.78,40062.1,211389.87,470073.57
99609.39,9646275,23361002.14,32072.04,99089.4,270122.41
15401.44,5231831,27181049.11,57442.39,120410.53,552005.92
167929.62,13094505.77,7654572,77569.53,62894.5,453529.54
169045.11,23605119.61,14335199.44,26608.13,,516041.64
42323.81,18391337,3786297.28,64372.39,145883.52,262884.04
90485.86,7067400,20045120.4,47234.1,101325.91,365855.46
90987.63,20379275.09,20409679.47,44539.58,227169.04,228501.1
95346.32,16084060.65,15271938.82,44617.13,62369.98,258786.5
168268.52,21427188.76,24545593.02,40532.93,157224.43,416390.38
46529.11,,21630280.3,24995.37,200299.74,390251.27
131296,20425551.62,19873961.32,27695.38,284395.08,204327.7
151806.95,25935700.63,,49188.17,237800.02,474087.59
151114.59,12666727.68,16016942.45,48772.21,75156.41,371801.66
28041.25,11182654.38,20972058.67,76523.83,,511525.03
142583.57,21541420.55,20540380.4,31448.09,59852.61,172493
90944.92,13189068.33,3871972,80965.95,196568.15,188974.1
87611.83,15089618.69,19978908.34,50785.24,62591.72,306641.78
24372.26,25018643.39,13517977.09,71728.74,75406.73,502422.25
188513.36,28645059.67,21027802.58,80024.27,73260.17,
38830.45,25558951.9,18176457.61,52210.71,126295.68,289959.15
19935.19,11614328.52,15269089.83,35780.59,142760.98,501718.44
55410.08,6673786,26689540.12,36924.56,232909.39,370156.31
90805.54,11028736.04,11791266.88,,145320.09,250635.69
45445.54,19151821.98,25348131.14,52186.92,151622.79,171375.43
60032.06,23978664.99,6973653,42651.43,208859.85,171356.69
53323.76,5472782,6203811,48026.14,235572.43,390404.54
162227.11,23705046.9,13076212.29,84626.69,276940.36,406676.65
181233.23,7665955,12845108.07,54238.92,261050.72,561420.86
102710.1,12861650.02,22145951.67,64847.84,78101.08,174912.31
21988.81,24596717.75,,75653.39,,
144027.62,9900437,8550985,,121244.59,454831.46
121885.76,15748974.01,14838315.73,56095.74,,
141726.48,23446580.66,20472588.06,72668.69,182175.28,383971.81
93625.75,24155321.5,21348534.26,63226.49,98803.96,351864.78
130021.25,15397009.45,7354285.59,31718.72,211040.87,314347.72
37910.78,18372002.76,22479549.1,30014.99,,165277.12
177682.24,14867849.51,18179100.9,72432.79,272735.12,452045.49
137701.13,26227008.36,20389062.07,57371.66,122556.44,543655.22
99602.74,29042424,23036141.9,72212.32,256450.3,181096.09
54898.24,13953597.77,23244555.57,36766.5,123424.14,359408.07
78482.74,11853679.09,24770733.01,72133.98,182302.25,388316.43
29854.76,22582584.66,16768493.57,53359.2,242354.69,509862.28
159678.68,23401753.26,17181376.43,52760.49,125483.97,576523.79
193830.73,5108716.43,23292964.08,22884.11,91407.85,531699.5
135156.24,,19571508.37,27736.46,268521.47,203922.81
138128.09,16215636.98,12210475.81,,232586.08,341836.94
62240.78,6537472,18153515.59,56628,74342.55,552470.36
125132.58,20174612.93,19852985.89,75939.24,139815.46,359686
114700.43,20512675.37,12841649.28,36544.68,166400.24,355897.32
58157.11,21056700.53,9353556,50463.83,197618.6,
83902.85,14350901.35,4652742,51784.59,259371.86,275596.55
41252.69,24623414.96,15253779.84,54791.53,164830.6,491160.09
121142.89,22991201.2,15159734.79,33759.08,192676.88,340291.1
188673,14365278.39,,27309.43,68829.13,207736.27
151793.38,12460682.54,15157650.73,26913.94,90740.5,530877.14
52507.73,,5052489,,,274017.34
194617.36,7030617,9625411,66906.68,266525.66,253649.71
96536.82,7566864,7499784.96,60959.75,175016.44,488720.93
111900.4,20936941.45,14750620.71,64176.68,206023.97,445436.05
126261.6,,11078135.83,74617.01,260219.17,492045.87
145980.77,20747054.23,27274890.96,66940.83,131907.63,404611.52
30089.75,17557812.86,14780551.5,70088.18,267488.57,272623.73
101926.07,12966804.85,14848014.56,29540.84,,505077.6
58885.28,9641180,,84077.69,194677.53,470948.96
134714.28,12451883.9,20863470.92,59965.27,,445227.11
42138.98,16571373.55,19909312.02,78933.28,135975.4,167265.08
27934.85,9637275,23604915.53,30611.85,252197.2,403281.79
94040.66,15619229.42,27266624.74,21825.85,77161.2,553852.75
86784.34,15080667.29,4091997,62347.26,84121.08,186169.3
19100.57,26504350.31,27059740.66,45040.37,269822.12,209778.79
27247.71,20062275.45,14304556.3,41343.82,138734.7,296572.6
69821.24,27398461.02,14577462.19,64201.39,161679.47,521703.54
151554.24,8115175,13455027.93,,88391.35,549483
32698.97,13156505.89,25719348.19,47485.54,126488.08,485075.84
47720.61,9172074,9565950,70903.93,111021.64,327379.85
57458.54,25022129.57,20339088.36,77804.38,65821.6,493786.57
82249.36,7522581,8854648,38147.45,100746.63,432944.94
127370.18,26454401.69,15854458.84,53339.87,202064.03,323732.12
18458.32,27187257.14,26467910.96,44003.19,104744.14,547800.49
79463.22,28008682.23,19469299.62,75855.33,211768.99,200100.43
122076.62,29577120.96,27885748.32,62691.46,173956.44,197988.39
53237.72,7882889,11004355.65,50336.99,241985.94,228294.75
199858.97,21319163.9,15754949.86,27706.18,,161204.22
182045.84,18253386.14,15064365.79,57118.97,274680.12,307037
123566.38,8173854.46,14645685.19,70174.04,94253.04,224293.39
125135.79,13155844.39,5717903,53135.21,229833.65,544479.82
173645.03,7189125.19,15449705.4,25596.75,193087.1,281648.26
80896.49,23923958.68,16172075.99,48436.02,100100.61,223890.77
133067.22,21139929.81,13935229.07,64366.12,278005.92,220540.27
65887.96,6047725,20759475.6,55553.43,,224617.58
177473.52,10961159.74,13434942.04,56202.23,171246.26,542870.13
85114.8,14317814,13157925.44,24900.53,117098.53,245625.98
50125.65,10552755.7,7871271.31,68356.16,154428.09,233117.78
151524.89,18633634.24,5436406,,222398.99,412158.65
89245.73,22880908.05,16424535.22,51699.99,218840.04,
113419.28,27765166.89,20703448.37,25222.56,104036.25,323443.1
128209.38,17525540.11,,83750.09,99008.35,372247.05
134939.79,14567330.88,4342434.49,22722.57,264652.71,242090.88
11927.2,7818539.25,21777178.93,33498.49,262365.77,459399.83
176701.33,23763407.03,22628432.08,44272.94,187566.34,387372.44
109854.71,6580109,19592986.13,24065.49,67324.48,384477.42
122555.17,6013891,11539086.39,69328.69,133845.21,390527.62
110772.63,26144348.59,24509439.46,44543.31,263445.03,506971.02
28542.95,9546707,10671952.95,75206.78,143894.32,385532.5
108628.22,25220035.19,4684066,57483.15,151979.26,396907.95
84585.57,7012269.78,26208595.61,28194.04,88843.23,575187.73
104173.41,18427746.57,27829847.89,37980.97,80217.64,550067
147127.23,23811521.53,9253743,63488.15,281270.66,382943.75
121621.62,,4049206.99,80476.42,105340.67,528311.99
163425.68,,9581456,79241.71,261533.21,423766.42
127739.43,,19255903.33,63355.94,73307.75,264230.51
199865.54,18891458.25,6943800,47696.66,139016.15,277040.76
170764.99,13137655.34,15642531.79,84866.97,280583.09,370274.91
116876.44,23912095.87,18617788.79,79431.3,92811.13,373231.29
165734.47,29098546.07,15895058.13,76170.88,,168771.13
119451.49,25642469.28,11116101.27,39626.87,232686.51,507980.04
103917.24,27516591.42,12013437.91,48199.46,103103.71,278679.66
100659.16,10579701.59,23269254.61,48909.79,236954.24,173467.74
157108.59,,19318715.13,27106.95,220617.17,285513.55
144705.83,16068466.82,18244130.79,79358.86,107085.97,426322.13
61970.99,5323347,5448025,58369.5,141062.85,318780.03
136159.55,12980127.29,19797076.77,26380.67,253295.67,465223.03
121836.38,23655070.49,11114580.14,79136.34,168237.52,460304.05
125963.61,6667119.62,5481251.15,35835.3,246875.5,574989
145910.01,19869978.29,22070231.52,34785.2,162945.07,
36930.27,,9582032,48364.84,175083.94,248276.29
110050.15,19943181.44,25388626.05,84691.89,192511.45,375719.1
69470.04,27457894.54,18725708.88,59626.8,69454.64,465693.18
54711.2,25792976.52,5398137,58840.24,214048.98,239579.96
101972.71,7268548.51,16668818.22,43802.8,182009.85,431610.23
153727.12,22692809.62,14188272.47,41407.15,132458.98,281403.55
15137.99,8256013,18938805.75,24731.89,165446,414184.33
149847.05,7743473,27979085.65,22678.71,241306.81,291426.16
129136.83,26380299.62,21563560.75,79783.92,258032.34,252542.16
99453.44,15259190.41,10633079.87,59932.12,162565.82,482858.62
75477.47,,6828931,58379.34,,328569.4
156888,14323793.52,6806522,,114296.67,466627.98
119823.79,28505052.47,17221500.54,38158.76,105894.45,249921.63
195601.02,,,77408.31,98932.79,463800.67
97703.82,22390635.56,17894518.36,35199.53,260921.87,215932.21
185201.83,26358293.03,18672041.24,,120180.66,465766.4
43896.6,5955960,20976902.91,33857.03,242083.98,345583.27
85708.42,17752978.54,,51953.95,166056.21,577828.2
164124.26,,25412809.35,41501.39,108572.22,243281.62
28080.64,17474975.17,26322785.93,28016.19,96808.97,578045.87
22657.25,24102880.8,,60133.47,70922.85,291736.85
32981.92,13386530.01,20869560.73,79277.73,225888.14,
164168.88,5191712,24499672.83,24158.56,,347268.14
84391.89,5774729.62,25186977.69,59147.16,115599.18,
122306.84,5591203,17283276.78,82788.77,271589.21,231337
125207.08,20258197.78,27614136.38,39607.17,96273.42,391461.14
189933.06,23790227.08,12962043.68,49027.86,191452.13,526851
82866.7,20947483.13,20004532.98,70550.15,73830.8,481766.78
117500.42,16264727.69,21709762.35,56650.83,233194.25,379954.87
175401.97,27179833.51,17468517.77,30333.67,132993.54,497238.31
30123.14,23683869.01,9946088,63952.37,252747.29,
27906.68,18330085.13,4033410.24,67246.21,177727.59,165832.8
135164.65,28173681.31,5623966.08,51041.46,240757.85,229151.52
165679.94,9099391,27634460.71,78949.22,95973.03,503318.61
151363.21,10613632.75,20306406.1,36860.69,221149.01,274215.34
155233.73,21645601.57,12536048.52,76541.32,66097.72,186253.12
47511.42,11827665.13,11980467.43,48135.9,232458.8,323909.18
49443.7,24250580.52,12792091.44,53797.48,,387895.51
63609.02,29375752.92,17539175.16,47090.66,274883,183524.82
146167.15,10694206.78,20929173,59444.01,257688.29,325935.98
157527,8800134,,75517.64,59596.11,529507.77
190440.43,29055153.17,17185546.91,58074.09,218428.8,299474.69
133806.35,11729263.3,22872711.05,64628.71,273156.94,186614.06
165430.93,7597215,9629094,59930.58,78775.09,387950.98
69697.18,24736323.14,22236673.82,27599.29,195242.32,545797.07
103601.09,22579250.99,4600829,25043.2,108004.42,365086.73
125367.6,25422685.77,8891039,78573.42,205400.12,569181.81
102076.82,7092818,15152430.34,,188801.97,382265.13
190456.25,11627187.95,25605446.6,39686.11,273502.6,536304.06
116761.75,13060357.33,19171774.14,39958.31,109412.17,208306.88
47808.36,11583997.88,4557714,50928.49,202302.41,479590.7
46940.6,27346380.1,21511848.96,24293.34,233501.72,434059.53
190040.69,10538026.11,15164967.06,44640.43,166188.91,401003.42
149689.11,27909299.72,20827225,22736.17,140948.32,398678.66
70045.06,15221515.89,26768449.04,55657.48,239387.82,451148.97
115958.77,20520527,18837137.62,57541.13,196116.52,449544.48
198204.89,21344158.1,27018002.47,32287.15,145300.29,423526.29
93992.47,8907448,,70328.52,129189.5,468217.29
65350.33,16168029.29,9737075,47788.43,264288.44,570258.18
192300.59,18378762.05,27636586.38,38067.25,70069.34,578590.96
119148.49,28826432.59,6969795,52574.72,145093.05,243852.27
13529.2,27902065.6,23949682.15,63930.32,187974.06,
139598.63,26014389.3,15107038.22,60486.41,113638.19,457010.66
141323.35,,15229377.39,68888.31,104941.24,572898.26
41078.39,20251278.82,25816741.36,69264.93,190059.71,252911.37
92763.86,21528621.17,19144083.95,57616.53,237303.08,166331.73
137275.99,12681471.74,7560377.61,26718.58,156777.8,244889.11
111054.08,28358844,7759844.41,74876.73,163593.18,578931
109577.39,13309292.62,12368728.86,35121.68,132105.02,
55024.98,,,81156.59,222237.11,436478.2
182548.44,11631613.07,12970196.64,71426.6,258933.29,
115994.75,18093163.88,5747795,28390.04,157604.44,556367
110912.01,27661161.91,24964280.49,49477.14,107247.96,
120800.82,26820790.83,24628046.21,33373.01,77728.39,311067.87
117881.65,10320508.91,8380010.75,46600.66,95601.67,
43181.86,19288667.6,18999201.42,46966.01,254338.95,468560.95
93687.79,10812026.19,3594565.58,29408.67,214404.42,492211.95
176003.22,24959461.93,,,,545191.07
56820.3,20151277.03,25492490.21,80448.43,182043,198238.86
21642.24,,22433341.08,,166914.32,290836.62
66859.53,5520841,26727348.37,58293.05,179106.87,358866.14
159290.24,28327058.39,22028524.24,82846.37,213617.36,458729.35
43374.87,20837314.47,23173055.91,30396.85,212650.85,170745.3
191384.02,12654587.62,,84052,156546.34,340605.51
19444.72,14607027.75,6698337,28416.43,91995.16,404171.29
26529.67,25713776.32,25919539.58,49025.19,179202.44,293090.06
29518.09,18121941.88,22804742.37,56744.74,225836.71,
107571.42,5597022,8450562,53136.56,245684.06,577697.81
157136.49,5533948,4910112.87,62091.56,180351.34,572080.9
184479.79,24526963.69,24941998.57,28940.17,213238.25,527233.57
163478.1,23519551.24,13852703.32,29372.2,66799.36,536876.1
122420.48,22339224.76,,66118.97,247156.07,493452.78
78260.04,9877419,,80176.34,179637.04,534024.55
110446.23,26369096.33,18748295.57,39720.3,280117.82,586425.96
76080.76,17681218.88,6978000.12,66063.09,261403.47,375886.3
80827.28,8839996,27267468.1,45340.92,157563.65,195375.51
130316.85,18400324.84,24200406.89,78764.45,133148.18,262640.66
58105.09,15962791.04,14336650.02,21810.96,159494.61,534737.79
76036.74,9459462,21882254.74,78791.45,283545.53,375465.61
91250.35,9204374,16627597.54,64323.8,63875.28,380656.03
152597.69,6119971,3920829.38,55402.53,99062.82,434440.07
129567.71,8758954,27211848.12,46274.44,75189.15,391880
92451.5,24009126.87,10757079.53,73096.08,215586.73,286499.59
97150.19,28566162.33,,,64102.71,297268.97
165062.54,19065291.36,24247321.62,72101.97,145663.17,511623.07
69426.53,14837000.62,11508437.67,80696.75,279208.55,363998.68
48230.37,7834745,14361026.96,70676.26,259873.29,242007.39
142461.85,6348855,19341287.37,54173.2,86266.6,406161.94
166884.19,25529691.09,21784693.42,80642.15,204269.18,
72360.77,5494701,7980007,68784.22,202281.52,384531.72
104487.85,26294852.83,5376094,60328.04,281148.18,560227.39
16196.05,27963484.74,25111867.49,58364.46,77837.48,210062.07
147431.9,17919759.01,16674214.61,62771.04,218199.32,452859.15
113479.48,27538744.73,27187894.44,81155.17,183266.59,437771.77
149204.36,25727707.76,14863226.7,,230931.29,534319
189001.95,,4658726,74965.61,113682.71,471291.53
31532.94,29484809.54,,22677.91,,440155.53
162056.64,26130925.42,7627010.85,80045.55,133395.03,346238.82
159467.89,18098154.44,4094348.73,30206.06,126913.29,213517.71
166753.99,25593899.91,6196864,50040.35,203107.97,484000.48
73374.28,24723827.01,11939057.92,29599.74,130953.09,379931.87
156186.27,12665179.4,9770857,36854.59,168564.62,523226.35
88195.29,24370251.92,14589373.4,64938.12,194835.24,497966.85
69077.78,22943191.02,16815841.87,52721.49,273053.49,550199.49
173508.34,29221196.69,22259730.01,79214.75,61798.59,531929.45
130607.3,9478214,18204773.55,29559.1,,370369
151870.47,26916855.44,25787864.92,44348.59,151548.83,314899.43
127085.1,28717295.4,12951129.86,31903.77,182012.57,395092.32
51315.8,24505961.22,,22317.46,143430.4,486773.31
153428.16,5305816.89,,,209120.98,165778.88
116095.15,28969136.07,27985635.92,,206412.45,483905.67
198389.63,13700839.33,10837184.71,66116.14,,191136.25
63772.76,5773021,5118721,31428.58,203501.94,544353
181101.35,28988239.85,22236525.7,31762,111598.69,293407.17
157077.45,10953141.22,3667654.19,66223.25,211576.96,182237.78
192901.19,14693099.41,4342106,49945.42,107609.93,272556.61
69375.81,16601941.29,20584380.88,76140.32,,473070.84
117944.58,,24671545.57,51216.87,178175.62,495935.06
146744.03,14538477.7,14148088.48,45855.24,109585.59,177939.42
158831.29,14896111.36,26395905.91,27361.76,186703.88,547037.15
55517.47,19028281.07,18420794.4,25865.39,226180.46,220334.21
79181.35,7165719.64,17950389.69,,236368.65,243372.96
34449.36,12754407.34,18686201.77,81954.73,263589.31,
28418.6,7917874.27,6368971,65095.86,147083,274829.28
144570.02,8956797,9668473,52641.76,156575.93,255033.14
129002.57,14460222.01,20452040.7,22618.33,220560.04,368924.39
66536.53,11263475.7,10945288.15,25242.4,87468.28,434809.95
74982.46,10408235.04,23275319.73,51832.03,63250.9,356539.55
191365.13,19827088.32,11647768.75,38348.93,284302.92,421153.25
27213.46,28751682.28,21524206.67,23453.7,261061.04,473040.04
119334.97,5215592.54,13659353.24,26742.25,281227.11,342915.31
41216.86,6050900.87,15308988.37,57808.62,212907.45,164568.1
143571.08,27761355.96,9899567,82620.93,105256.79,319173.8
156726.29,13883240.13,,40046.84,85066.95,181512
110732.29,7581670,19468632.27,57669.03,237127.27,377610.05
173496.68,28319490.81,10701965.39,73221.37,180200.68,507747.45
82591.77,6294435.42,4803357,48581.74,203599,229273.86
49785.05,14618468.08,16896454.37,,124346.53,404878.11
109738.86,12202296.54,13336515.55,23205.13,215085.13,447192.07
199698.45,9422194,25842572.06,26361.53,69371.79,411305.97
94588.24,6097078,8036521,64328.47,99658.72,417295.46
63456.4,,17549534.74,61384.88,225288.04,183699.68
77087.88,12158228.54,12526090.71,41952.5,159867.52,533457.04
56041.33,24344898.78,21663770.01,33777.03,266439.06,188761.64
149632.13,6986626,27639150.43,,255640.27,526467.99
98475.39,10843093.24,27692677.4,59276.68,222738.04,316881.78
92670.4,8848496,25272691.63,82631.34,,249099.82
52952.71,9783315,14710752.23,65748.84,225507.56,
50570.23,29517471.63,20775856.14,43635.45,106953.56,524802.58
164860.16,15393663.65,23465617.58,67901.43,184094.97,514089.7
21168.63,22690014.6,11127160.51,40099.17,244415.86,160090.54
131620.96,28466565.25,4790056,39576.09,82354.96,434764.75
50739.7,27915217.19,27933184.95,56630.74,109879.01,476177.87
182310.98,24605356.73,8687831,24819.09,180521.13,551530.88
140513.59,21297048.84,21943297.52,30409.34,,311991.46
43635.06,5718125,16052810.76,49586.05,241220.31,220336.35
176367.42,12047870.62,7939608.78,65223.51,246121.34,252078.22
130807.3,15521911.93,19644919.81,61176.14,170039.08,188601.61
176098.52,8082639,10850092.65,75479.65,267883.02,467952.13
18848.62,12827342.54,,48195.86,257584.04,244138.26
103642.34,15467253.99,14157391.6,24984.97,113416.49,363806.86
20470.48,21676243.53,7161780,25176.2,155566.84,536313.09
101576.58,12444348.07,26043666.1,40090.9,128690.03,537135.28
95333.35,18827782.46,17072701.92,31052.64,214468.49,314378.87
50455.14,20098081.39,16779536.51,25871.3,157499.83,346062.98
157252.53,26625095.9,7934079.07,82224.39,118564.5,220048.98
162424.49,,24874249.72,75261.17,145934.61,374791.27
41210.66,22728423.94,9117201,49740.55,66108.47,305196.15
86285.92,14938891.12,10006585.78,24142.14,154095.52,502618
185669.77,20115408.12,11356082.66,67410.57,212035.78,262738.33
99195.79,8827606,4377103,39111.19,186482.9,361227
12100.86,19558773.34,8328521,59009.04,146575.42,404722.36
81789.53,19590902.75,10759493.43,75940.63,201623.49,357198.96
198412.1,10256311.82,,68458.11,245148.85,450185.6
124686.32,26461966.71,11106104.61,50877.86,103646.98,292578.53
185502.17,8575004,19900556.27,60357.35,,572262.59
98262.21,8397993,13563217.94,46865.39,97204.5,215927.42
181430.29,8027161,23863157.89,27534.54,171816.62,561837.31
145091.12,29143241.01,6360058,37487.19,226081.17,173520.3
124454.77,23755693.73,14958593.36,84085.58,64612.07,577636
29574.93,14089423.38,5472635,57551.51,119583.11,368845.6
114954.63,10750245.76,,38525.79,267348,191922.91
24000.57,17332330.25,9177274,47908.96,97778.7,365729
158654.64,14566933.81,5594752.65,29888.88,128583.95,571190.6
94368.88,6670212.81,14756662.15,66056.96,218951.32,169131.67
149997.66,15259293.11,6933832,50655,68162.3,564831.1
129030.75,8207062,15920487.17,29283.22,72400.57,580530.53
27021.93,27873779.26,,62433.21,206593.93,489937.97
94481.8,25875511.68,13515630.91,31481.8,,178499.38
24657.18,12104110.65,9630748,78637.95,,532007.09
58097.46,17715155.47,18756432.34,22890.5,77527.58,261637.78
25525.93,9832843,27449581.45,83855.11,140158.88,300546.96
132841.38,26069936.08,6546779,38838.04,267004.06,392919.62
13474.87,23508212.51,,57062.23,108550.99,300274.13
142839.31,27630258.38,20671098.34,76135.24,138069.56,165415.1
55882.86,20727833.96,12953396.59,33666.87,104566.15,211414.13
29220.36,26955590.67,7038172,77550.83,152697.31,502559.54
153924.41,9021744,24261813.08,56238.7,164113.5,225398.52
153146.23,21727141.18,10169368.48,38413.21,200399.05,
33597.34,6333877.39,,38672.32,90993,566421.23
135548.59,16806360.3,,,96929.72,205130.88
109200.56,23328293.56,14178397.99,44917.64,140292.1,166188.59
154146.77,22152497.3,13820046.18,38819.88,259993.67,
71355.28,11869552.08,7834880.99,31011.64,285938.01,386463.61
82013.24,22762236.06,15041114.34,35314.25,122252.01,475686.26
158681.86,12483693.92,9659862,66867.43,183142.68,389720.5
168966.26,6982152,18991849.71,71002.03,80582.12,276370.15
46918.05,20572442.48,20625378.22,38290.14,161779.95,452657.47
98229.74,29200413.1,5373315,22231.45,264922.79,361628.21
56113.49,11560317.68,24236701.4,66268.45,102158.91,238927.75
45159.59,9767467,20406009.2,62972.99,197755.04,501339.83
157596.06,26649248.03,15935169.66,34895.64,70254.49,223777.4
128102.25,27085461.13,27671147.7,55351.91,161239.7,361405.28
187251.22,5372474,9321859,78104.18,136667.86,172222.54
161310.69,7413234,13700332.87,50084.14,117760.3,572243.76
171153.39,23458405,23772010.92,67318.26,199904.18,495337.97
162036.34,,12014027.15,29516.54,69623.53,
98266.18,28778114.39,19724927.19,63433.27,,208887.34
109648,12698850.69,,,183625.6,234240.44
171691.87,26876259.43,15473763.44,51449.59,116888.9,308520.73
74716.48,14891058.69,22643849.17,47694.42,78324.82,257964.66
175517.47,29727473.96,6862636.27,56913.74,237006.8,423122.03
42651.63,21532014.43,21607160.34,53377.69,119832.96,420696.92
115534.41,21962292.8,16854077.34,62561.45,259018.17,278321.75
92632.31,24897100.01,,66467.53,239745.39,344147.99
162990.47,16948959.86,14702170.58,34915.13,64690.4,469913.75
42802.15,24855827.18,6378568,21900.12,73874.59,499227.83
90655.9,7622831,16936461.38,83282.71,211338.37,169121.34
197431.71,12836878.64,,,232432.47,368348.55
176789.97,26069308.02,20243177.83,42063.24,254449.55,494537.25
63541.83,6277038,25755614.59,41913.93,99739.12,526482.6
173961.47,29483231.76,5070481,84459.58,94496.27,324198.14
14680.97,20065740.89,11649598.27,29895.09,184452.39,460683.15
176050,15530815.12,10906555.18,,279083.72,280563.22
132527.54,16988262.66,8341080.9,,66095.54,370514.69
116575.3,15765157.83,27013890.12,82125.41,114593.59,211070.62
113024.96,17260710.01,23637810.28,27093.37,97241.06,473303.28
187052.66,22811020.43,22728613.36,59568.78,201748.88,272210
43796,18663339.98,9816104,84229.66,159865.25,196759.76
183369.55,22017655.73,12096731.18,33307.58,136395.54,420009.46
140970.25,6836757.8,4225076.99,22196.97,63482.01,279930.94
140843.82,28126382.92,8404784,,208110.9,178757.2
69745.16,23520506.02,26543903.72,33913.31,163232,
138219.56,24775458.64,14445282.89,75492.74,192149.46,344652.61
44081.65,14423694.31,,47842.93,118417.58,163827.75
122648.28,19316110.01,,33841.23,108648.27,365937.59
150311.75,15916904.94,4774808,75140.09,139407.52,524497
60660.98,16843845,14819717.7,28626.12,277637.76,206619.89
12786.5,9331005,16857468.52,82283.39,169760.44,337634.58
93545.23,21455216.78,16744455.41,,164594.48,426814.11
103874.66,16763456.86,20334576.02,45422.27,245043.47,344247.49
137978.41,11953453.04,22015773.5,75942.43,259345.7,355640.72
13534.51,29684448.48,8426598,50186.34,136078.75,206106.14
76104.05,16768533.95,17060445.73,35507.07,130581.7,558124.48
164092,23938141.09,18924894.66,84097.89,271099.59,214655.58
177848.43,6522945.27,10418374.29,45587.22,193605.85,216554.41
140710.55,29913301.11,16408914.85,47068.9,,538133
97770,13601720.27,20681273.33,63547.57,159319.27,
20015.31,8742816,18387977.59,28687.11,121117.22,244612.92
158082.44,23376842.29,5928005,37508.47,252534.54,167924.54
28782.15,5798283,24107405.73,71126.07,283399.83,420566.83
165168.84,29990596.28,5902718,57703.99,172323.09,275109.41
81015.52,14957311.96,10284011.84,38900.63,97055.48,387779.28
144576.54,17596914.11,15601992.18,59348.61,261207.78,547140
181227.37,14334709.77,10866457.66,35063.12,94207.61,493200.94
182979.76,9081331,21391633.77,81471.41,114399.05,489180.12
123432.38,18879658,12842469.45,22668.04,275538,545329.69
148246.34,27421081.45,14291018.88,70439.72,262353.03,220933.63
176584.25,24519742.51,22629635.16,64074.8,233205.35,444411.87
108282.52,15888849.09,26946169.99,79731.92,207457.03,333813.49
95918.24,9487240,4009383.41,40483.97,102297.19,
12872.25,7753531,21294055.18,70688.46,67291.49,
87192.67,26887687.41,22639308.94,36807.72,258323.11,323905.69
139821.64,23339995.36,11692141.51,33989.76,228352.8,572027.39
43915.2,10507348.53,24374208.96,62596.17,90644.28,424041.45
46467.09,24003756.68,16683029.08,,59372.17,468600.45
52918.27,15834422.98,16072497.51,64525,96650.72,240614.37
73672.11,19614356.7,,69367.13,72196.41,396226.73
147137.78,25079701.46,11274052.05,45918.37,71321.55,411712.27
24742.8,26198948.84,17471021.69,61294.31,254110.23,440356.53
166113.51,11257411.01,12901988.58,48115.67,99614.21,411236.62
173705.15,19016244.11,21445394.92,,93460.17,551015.92
193048.05,6448072.22,14146906.83,83164.82,196042.36,447675.87
79782.84,13362226.52,,31370.8,133761.92,315586.71
16272.22,28546018.41,,48233.83,167509.28,456622.29
74525.18,9896857,25430851.31,49186.25,219585.21,355073.08
160531.47,29285148.39,20853959,49798.46,245472.72,
133493.66,16094171.63,26977697.74,38488.92,117698.93,354109.92
105259.43,26841993.44,26209867.33,45205.52,253223.05,455588.8
26308.85,12956606.18,6872417,,93327.29,501882.85
80169.86,26419078.93,,48856.67,152349.15,197377.22
143015.91,11967390.7,,28795.56,116245.55,440555.46
181414.05,25781631.94,25014025.03,80153.43,153053,531023.25
101200.43,21099368.58,11330044.55,73710.74,166171.34,526189.31
160657.49,21540893.37,25427378.12,65304.01,116944.14,510740.16
95411.86,19927512.38,27673812.51,28144.77,108259.26,579818.3
67831.38,7791292.66,11161650.68,63236.03,72465.42,562423.83
11268.93,15279946.19,12361884.5,64175.64,181960.43,502431.4
28968.05,20968907.57,4746591.96,71369.94,109406.41,239211.27
32238.31,29708241.62,17857269.77,,145020.21,266897.47
41961.74,27231604.49,4435481.98,35896.77,217366.76,281223.6
119673.5,25671606.13,,49896.49,243151.07,539799.05
75749.35,22653666.44,15759495.57,35560.05,213285.04,447313.95
130222.44,,13011457.5,75561.22,69825.07,450775.81
15585.15,25752614.5,10135110.16,21984.01,160945.97,481395.11
92022.93,,27285420.66,26771.17,211128.79,183945.41
138760.18,8354979,20502120.97,50143.54,164043.95,405456.41
129192.35,21417962.53,20457097.73,37283.1,86577.79,434309.06
72004.1,,27202741.21,61822.76,156872.51,358345.69
68122.71,6767623.84,13255855.11,26579.81,231029.76,265391.14
29078.5,14823930.71,27124864.03,63023.86,225604.38,338996
118444.59,22385873.5,22833992.16,59521.75,,308166.04
32997.17,10208096.49,25576966.86,,119486.59,395709
127812.91,23846480.12,22774932.13,39658.29,132605.17,430048
62067.43,5330469,13730487.77,39818.17,127691.95,548831.57
188118.19,25130916.64,22013053.82,30502.57,115261.91,487153.74
59511.79,12474877.91,10242086.25,,259812.17,510211
166229.9,17002260.63,24170460.46,77687.34,160053.44,257876.74
190654.26,,21695745.07,28279.43,267929.8,421072.58
20742.62,19124097.49,19031330.23,22364.88,251186.08,183796.31
184038.36,9531115,,50874,255438.92,339805.66
86382.47,14434069.43,12384855.83,24044.38,182269.17,198666.28
107447.5,10690217.69,24433579.27,41254.73,188662.18,193712.21
156409.47,13325358.94,,73538.12,191526.6,578034.93
13774.87,17469929.13,16638721.83,42016.04,263025.43,427145.75
167187.75,5914907,5224646.38,41016.59,96101.17,420123.95
32739.74,14058542.86,3994467,45855.86,121953.46,375868.83
30031.31,28021769.05,4080791.91,47998.95,273267.91,374127.93
138720.76,8484106,27633751.32,22670.61,61479.68,455738.65
92098.73,8400443,9793897,47232.58,270994.18,299535.45
157040.27,18885495,19913565.35,,,322235.43
146203.45,22097806.06,22787183.61,77656.31,160018.29,459090
143728.76,11387434.98,25138106.55,83349.83,143032.09,247974.02
96401.26,29466558.77,21245587.46,62216.37,268913.62,166963.62
50941.42,6152532,12898963.55,41374.97,89579.87,268864.76
97538.09,5300645.67,27271876.46,25190.71,67072.12,164739.16
32722.21,11111888.94,6477998,64691.59,184379.23,241765.72
174853.73,7375756.58,16079390.54,73762.96,123386.23,428639.98
191059.47,27478193.03,26107279.17,43151.09,100974.33,329687.1
85789.56,24296787.15,25036574.18,23225.09,245468.76,324932.18
189269.54,20542360.31,19377196.85,63970.69,,540824.49
27643.11,19125943.12,16688323.37,64862.38,269462.53,408458.84
81693.32,15778166.96,22776930.78,65753.58,86808.55,339786.04
114676.26,19643874.71,,38719.83,230921.19,408694.7
70167.26,28026129.76,13212614.32,77917.15,199733.42,226398.71
26561.09,29304423.49,18608636.38,53066.56,193135.05,392522.03
169467.65,29755234.67,13262678.56,68714.81,248698.38,390303.52
183300.19,,10854906.96,,156724.57,300949.37
141328.22,29315012.15,26081011.03,21685.2,87892.86,260804.03
117499.71,20403242.61,10139528.87,49624.9,212158.93,512967.01
106709.5,20580914.7,15930560.93,60812.22,,475036.47
129385.95,26222300.41,23570080.54,43567.43,243778.95,545671.18
21693.4,22250320.2,11023389.36,29398.78,,514388.77
144276.91,12626947.76,11806349.09,57909.98,211618.32,453210.6
58347.67,10573378.79,20242575.53,,236839.01,358034.15
82688.38,10718937.67,9256906,65749.33,162267.92,339410.64
113465.35,17610294.78,17260830.31,33824.87,181495.22,472020.43
144679.41,8736370,15179474,46623.9,,494307.38
158851.3,19586275.33,24745382.6,23482.65,285218,395009.03
89366.88,8044416.53,23323613.19,,178825.17,477486.82
20672.67,23318608.13,5079250,54746.04,73917.99,224762.44
149375.53,14268968.58,16638612.45,27339.01,228711.62,242665.14
53674.59,10884615.86,23544342.93,45558.67,,457327.13
160135.09,20225968.26,5542258.94,74580.62,157926.46,359457.97
104686.77,26085982.75,15080702.34,32546.12,84594.9,203419.92
10056.14,14649753.26,4888049,60975.87,205792.33,426996.71
10422.18,7997058.62,,51323.53,254335.6,270108.83
96376.7,27036045.49,13971057.8,25695.81,182028.4,524080.13
186539.85,16274064.35,3802388.74,,230729.91,495870.02
180439.32,11044328.61,8485017,,84783.09,456662.83
30488.59,24490572.44,7360121,27660.39,109401.85,475394.18
158772.05,24590889.31,14018574,68716.11,100817.84,216033.14
143528.9,15089384.72,,23650.56,225742.45,166681.46
150615.66,13452766.46,26259468.61,77898.57,226521.32,377506.99
93572.82,17736684.64,24577081.75,43346.85,,163147.77
72397.75,18613774.25,17031156.28,,143409.96,457135.73
134218.77,18345742.28,19173705.41,24655.81,200193.92,234512.47
82445.67,28476186.17,16979796.46,49950.09,165283.94,572584
154217.77,28247375.3,25536256.94,42869.44,95461.88,350672.59
26694,18529383.3,6039559,23084.95,,452186.97
192794.2,29995511.99,27923023.93,49275.63,156438.81,486556
135356.04,12793414.95,,43429.99,232308.2,333107.71
116338.44,12179297.66,11769902.33,70910.03,242737.94,171558.68
91247.43,17656671.54,,51783.34,72927.58,510345
132431.24,11444028.18,17088226.51,53481.21,250894.43,372802.6
10214.57,9703034,26384356.92,84315.18,172029.43,330878.75
25718.07,8795048,26567808.76,72821.42,203315.28,224119.93
80812,17003055.6,16849045.83,56031.75,121464.24,348139.37
146817.38,10828489.37,11974765.82,25697.7,168052.1,328185.33
175476.73,19419546.91,22798354.85,62650.01,,370774.42
121970.4,29227780.59,27983927.16,71541.74,163277.33,578833.7
36591.55,22318316.6,9114754,50682.34,224246.81,407230.56
154202.81,18262919.27,9296486,51745.01,239292.9,406534.76
89027.51,15494161.15,9848529,,234551.76,296722.4
67050.67,22706978.07,,44120.6,125462.42,212515.09
183075.07,20466687.43,18880201.9,61034.8,125413.67,542930.54
90285.19,28864955.42,8478996,62505.18,97884.81,262641.43
100454.08,28965666.35,23296156.74,76358.7,65383.88,440290.41
119912.22,5335381,5017642.7,79048.74,174793.51,176276.22
134950.38,11065180.93,,59428.22,147331.85,338264.11
136842.79,14789985.94,21064776.25,51177.87,239585.85,
10215.74,,,58021.58,75608.7,255821.58
106789.05,23738029.49,8812586,84451.05,232726.71,248348.13
178183.39,7358342.39,18765233.55,52856.16,159756.53,199989.66
111370.62,14938722.11,,36830.32,162095.17,173872
152241.34,15309531.79,11124691.83,68411.56,118856.57,221847.79
97829.88,25789201.34,13034707,71043.62,172004.71,176868.24
155597.1,13822424.95,5473356,,154218.36,387317.76
183310.56,23144927.48,23918760.78,27009.9,258733.91,371747.5
164541.32,11622416.8,,72331.09,199029.81,312459.1
77492.67,26288222.89,16792934.48,28110.29,166188.55,242355.82
196396.18,26328974.63,,23421.54,195578.73,219284.64
14172.21,6614245.85,,34935.44,195004.75,493368.03
79383.49,16457453.19,,58181.31,164565.62,286403.94
67191.95,11188377.64,17782420.66,76305.46,141034.88,493697.19
114839.35,5658515,12765386.44,26294.49,179423.78,163047.63
83895.89,25310202.77,15887283.64,41610.2,197780.92,428522.18
116367.42,,7430953,30245.63,86008.13,350741.26
38118.73,13995330.9,7512497,67858.95,242449.61,350392.16
105688.8,13643947.64,25274330.55,,240078.97,553165.02
145961.9,5843682,8160730,82659.35,254708.49,384015.86
84234.32,14927352.2,,27364.43,248977.51,482634.42
76118.07,9604736,8237394,28536.05,60124.35,503208.94
196763.76,16801590.16,6100406,25335.37,224015.62,476545.85
12812.29,29256599.56,22809121.26,44216.28,206374.85,374955.72
187302.21,14747585.93,6976372,67431,270620.08,330217.44
127412.83,20705498.07,10668341.1,39867.25,153039.15,469620.9
136257.72,9730007,20550379.98,48352.18,199866.48,510220.14
190316.97,18613873.88,,36009.09,183861.46,537956.88
199323.05,29997601.51,26940079.66,79519.3,,350833.2
138265.34,9388100,19857845.05,24061.23,164487.09,279235.56
139723.84,25053588.16,,68536.09,204096.88,305594.15
44727.85,24534060.34,16900068.63,81846.3,162636.88,425788
136471.74,29649464.94,16321636.02,48593.1,193394.37,245813.46
47640.95,9280269,7636471,23425.36,273677.54,377802.18
43623.7,15108259.93,18049111.53,30691.89,220970.37,418525.14
185987.54,11231230.89,21305533.1,62500.6,244871.47,257189.3
141808.41,9546898,16110135.67,75258.99,276056.64,214710.36
116709.4,24724972.74,13965281.68,46528.22,118300.14,337516.21
115538.18,19311288.28,25198177.47,50714.04,155912.37,573489.24
71154.41,25299513.14,22976850.34,71075.53,272497,
126066.14,8823222,5955761.04,54291.62,281096.45,438278.88
99935.59,9541579,21308024.54,44798.62,85572.03,346950.01
88892.02,18169126.93,,63213.84,165510.01,285758.17
160071.71,15409869.05,14236365.88,76314.4,284000.79,
34866.09,12050398.24,19433466.34,33972.88,276821.01,461650.27
70493.51,11145825.45,8787879,82539.19,159400.84,445618.15
92532.67,11725892.99,24115043.86,25797.43,134838,321895.83
28194.08,6142267,5188997.05,49074.37,199754.65,330851.92
116565.43,24742249.39,15011550.93,81500.64,252166.73,518990.65
76178.85,24112764.89,5665551.25,81459.57,266384.9,281710.8
57608.64,13687946.83,26273116.97,74110.72,210322.84,163985.17
63153.58,21639733.56,18682761.55,,101563.59,499343.16
132761.26,6316559,21463543.35,63882.33,232271.41,266865.03
164575.75,27895683.85,16208810.21,36683.18,259098.09,267826.39
68670.02,29463163.67,7715020.68,22010.51,72124.87,326265.71
170293.65,28482168.54,13222756.18,67734.26,212754.99,201253.04
125876.88,14770600.25,25044853.47,56031.03,258809.58,446864.62
75813.37,28088946.88,25113601.73,46701.59,78198.5,401870.07
88126.22,9375636,25698000.96,68636.04,107266.42,493300.38
24397.68,,11847359.18,40438.55,185755.35,562988.51
103358.64,6400711.99,7141446,39972.42,164086.66,276045.23
55240.04,7726018,4967951,51573.16,175788.7,244759.24
156348.91,14458966.41,14653257.75,71840.96,263903.09,293199.43
50242.64,5411998,10136180.29,74444.71,174512.96,419477.64
84711.49,13859445.11,,83761.16,,405980.81
178734.77,22183658.71,23672517.21,36365.11,196394.55,223174.24
100715.26,10240253.05,24395500.27,65681.4,122028.27,
100161.46,26521949.24,7434831.94,55641.52,283195.48,421598.66
71799.51,14303133.25,23821877.18,63359.86,193419.01,402593.27
131108.71,17958249.33,,58785.05,141724.63,216442.47
26651.78,26777108.65,,69712.23,194341.23,306332.74
127099.47,28831937.22,24956955.66,,119352.89,538185.11
34383.23,6853763,5629521,45122.34,160536.29,250151.65
55766.09,28342583.91,3531625.61,80745.36,68311.18,349269.05
82273.2,19026290.06,5886698,,171922.1,474125.5
183856.88,28156414.73,25900227.43,26295.74,183967.02,201705.11
74455.76,22831726.48,19539315.2,50369.74,177279.69,
165297.45,12306106.58,25528998.21,38742.52,61042.94,332331.96
184037.64,8814452,14779755.25,65432.03,227803.51,534122.94
160808.02,15013697.69,3534868.13,69428.5,69109.18,525829.4
45123.85,29084428.43,12513961.16,42368.1,183154.17,555108.23
197775.22,13759322.97,14869422.01,41096.69,,225818.01
149723.65,10403060.6,18766418.75,,226745.35,380363.88
50657.92,13600967.54,23287131.56,40910.41,149885.74,188614.78
115894.16,23301885.02,,65063.85,272060.82,467543.79
125800.51,26703427.93,16374928.52,22115.49,118285.41,349399.93
60836.65,28912088.13,26808469.72,67042.14,74524.11,410679.55
155938.73,8158709,17557009.4,32406.25,152113.97,
96440.11,23378933.09,15140357.28,,,255791.73
186398.96,26668719.55,21061346.21,67048.26,184627.04,197714.65
163237.5,21442555.06,,63052.67,77374.35,361264.77
173369.05,19128360.83,22453464.52,52342.2,161678.45,438452.25
198388.86,5260944,24131609.9,24194.17,62237.2,343971.65
87369.43,10738849.61,21918188.51,57739.71,71345.11,463845.62
105955.07,,27587552.29,73991.5,224184.61,344099.15
120802.97,26892632.79,18161919.09,58146.31,143866.22,270760.05
136039.23,21836305,24900124.77,81575.89,234783.11,425402.93
74326.11,21023361.37,14551647.13,76759.35,189833.69,584240.32
24484.93,11676558.09,3577615,53098,162119.75,531744.2
84990.5,12755922.44,9028430,72963.9,204613.36,207058.04
196361.7,24279396.2,14615262.89,22977.62,194558.32,309548.17
37757.76,,19314101.56,43233.79,235159.4,166234.1
11502.99,12002412.71,5278751,58006.96,,211504.52
18414.48,25590633.66,10493597.43,45230.58,,489178.02
39667.61,7615722,13060941.79,49908.16,214903.27,200313.57
65073.38,22245519.81,,57458.3,228252.55,167340.73
174953.95,14998249.02,22659237.64,27112.46,284404.87,
107967.4,18831943.47,9625349,42531.26,110146.84,382225.22
70641.83,23247102.41,21961573.6,57733.21,250909.7,404426.76
128076.44,18079040.52,,43461.47,164209.77,404806.68
180679.92,7822280,8184561,23242.55,159139.83,308458.19
98735.17,28368736.09,13438066.31,37820.33,180501.21,237929.38
105617.93,5204901.81,21095753.05,81549.19,206687.01,166656.26
182840.42,,6904650.27,72528.07,245368.47,353013.42
192768,26338558.74,16235647.73,21664.46,147404.04,330092.97
174232.07,28376658.52,20343658.29,55193.43,119487.98,345082.39
116754.74,7908363,24635660.94,49309.4,230859.79,246859.77
125583.16,6281002.62,14499531.17,63855.73,233840.91,327203.3
61515.64,10108872.46,20074818.67,,144868.33,468006.7
159317.14,29231956.58,6596516,83884.96,192936.77,
63313.83,8260208,17513341.76,67456.53,104438.73,245671.13
75136.18,,7092664,40034.58,129942,576067.61
165616.56,9633006,16732370.15,78345.51,264208.47,574752.29
122166.08,21718027.92,12334775.05,38403.16,157944.82,326644.39
77578.17,6269051.18,15561039.24,75427.79,206928.45,564249.96
186916.49,,12627151.98,59970.26,241884.93,389242.03
189536.35,24322521.84,6065404.67,79622.46,231396.5,229295.98
172754.64,9455823,5278388,56612.03,89758.78,400512.94
177633.73,7648294,10975498.6,49491.53,121195.1,161589.59
70415.26,17448256.98,11702603.93,66883.73,236566.54,251060.86
120718.84,19660907.37,23201966.39,64451.25,160517.25,543254.99
176491.53,29319997.4,24394583.23,,231815.09,406628.63
140552.53,26533958.59,15558409.56,28629.56,239196.37,412515.57
73172,25588717.13,7243430.75,77311.15,243432.9,356092.65
68943.8,24014679.9,11397689.2,35950.46,89992.55,
62098.99,26558989.37,9853223,32636.2,144105.66,356511
74725.88,11797117.57,6327033,61743.45,239693.08,167702.4
111777.34,26524000.51,14789836.75,38617.54,151388.43,495078.09
186198.91,14917922.57,20285591.76,41674.75,233499.53,253946.48
106536.47,12699190.52,20650989.19,74158.14,234391.51,505010.51
186670.79,15193819.43,22376755.13,67055.61,85744.66,419589
140529.3,8638842,8346920,28244.41,61375,347817.4
34869.42,20675964.68,19612643.61,74128.83,155911.93,468707.91
173770.98,11104810.33,18929350.33,25863.37,64582.22,462325.86
130971.44,20648050.82,9061959,47369.83,70466.37,362701.14
153659.22,25933133.65,13977663.49,76865.9,,304939.18
164249.13,26316530.35,17305420.66,69679.13,,455355.25
147058.09,5781346.08,21905265.91,,153485.86,192710.65
123365.57,27518388.12,11163399.87,70619.02,270647.79,493113.39
43524.83,12064010.36,17714751.41,54187.62,88026.11,288321.53
142000.76,28002652.29,10566706.79,,241395.04,392521.04
195003.35,12790768.6,19617967.17,32524.85,74445.85,253842
164327.86,24630327.13,8721106,52458.4,80710.61,397119.63
39406.26,11019906.72,27056372.25,79488.43,59322.54,216007.52
123251.38,11127282.43,18388231.26,80277.41,233637.51,303264.03
46828.65,22610318.14,25305533.58,64115.88,,276101.95
24944.92,25386766.17,11711814.05,41845.63,113285.27,380912.52
68494.26,23499735.35,20011385.62,61829.66,265937.24,374229.36
71256.53,29106109.01,14449732.09,47307.93,71256.18,424017.75
184904.93,13491527.04,8972906,32228.12,263349,314140.51
123690.87,5196463.98,16808511.66,50348.81,280056.75,213352.74
21203.62,15259119.1,7557358,,112748.19,337326.06
168701.88,5469646.19,,50461.24,175325.27,235392.11
87827.57,14769151.69,20834988.13,52225.25,195142.36,422881.6
11045.09,9201885,10298852.76,84527.34,87781.01,441127.27
94663.21,23376061.23,7041241,53521.55,216676.3,453427.63
143726.41,27239429.14,12086830.76,73046.81,90041.49,503166.66
15695.47,18653342.47,12078161.24,43759.52,79500.26,552579.4
27813.15,16550815.51,20534394.55,32195.02,72425.44,172972.13
25284.32,6373665,18956402.86,40317.98,155869.6,440339.35
197421.18,8379176.8,,31405.48,,263535
63184.58,22392051.21,25729244.48,32861.51,262267.8,377533.94
198286.52,11086033.82,21991499.71,64628.4,142282.62,315421.39
124376,19454657.58,27243281.75,54779.86,245849.87,557568.07
199956.3,29999568.82,,59986.32,61051.94,580355.58
187415.74,27027357.52,17250558.73,,68564.93,166916.68
133959.1,22967194.44,15661969.51,68383.99,210164.75,452594.46
53941.58,5773338.26,27452898.17,39651.92,89097.78,446967.53
172561.62,13133957.71,22300802.98,22566.18,153080.66,260104.81
167156,12158496.6,9966204,63698.59,194678.08,263428.42
77695.21,17380894.76,25763428.49,84338.51,246335.19,195374.98
131444.64,28121404.13,5554158,31747.79,259233.23,497344.21
162207.55,23011161.14,24510862.61,67149.53,186460.85,299091
118536.48,18839573.59,20728115.85,74548.38,64800,371851.81
16097.51,5295741.85,6435540,22801.63,201556.91,478761.97
60947.22,19842259.8,7015196,26180.45,62610.26,514163.15
147123.62,8746550,7614842,28117.25,127867.29,486713.08
13682.56,24692758.76,6913749,79116.32,216788,
26097.34,23679203.4,27563249.74,43607.58,269219.87,552721
41941.02,16370596.85,15059280.32,72586.88,79148.36,478086.46
115044.09,28519402.73,22746118.47,42517.11,96937.11,490765.64
193724.48,,25759757.66,53338.88,,454165.39
22900.48,15517178.49,16624104.97,84710.48,176946.28,170500.28
102213.22,,22484550.62,74095.41,283727.78,240953.18
123565.18,13118342.19,8599106,44586.32,223920.6,183930.07
41933.74,12069450.43,18984301.73,84513.59,,248861.11
197337.48,,13493477.29,35760.34,276019.77,316098.34
88259.11,20908713.77,7896659,25110.25,214445.82,569900.71
156805.27,19875822.7,25642368.32,82932.71,275094.91,539375.68
180467.3,28890669.47,3537930.11,78034.82,279595.95,578671.35
184637.61,17986034.48,12086199.18,,200598.71,452984.7
86088.99,22092020.56,14731825.08,67392.1,285646.76,265934.51
23724.42,7363432.94,5307460.07,64972.54,149541.72,449316.8
81979.41,27445397.31,21208897.01,46683.09,207621.75,269577.81
193673.47,8152210,25999591.44,,193470.86,221075.05
148622.39,18143149,18884574.34,76287.93,111661.62,388417.47
64601.81,28930385.53,21249699.49,26612.38,,238163.25
148921.4,9797662,12712888.01,82105.39,265058.55,466922.45
115905.16,19332621.27,23810492.33,76132.88,,468494.55
56168.35,23945562.46,21629250.54,64879.95,85018.55,546179.36
17764.08,18113620.14,18803486.02,63840.54,246509.92,203738.77
102326.16,12898252.31,19970512.6,56964.22,78184.74,398746.77
169418.75,,14489693.35,59407.84,231470.5,332843.07
145512.78,18577541.1,27803966.69,,274638.42,315212.06
102540.16,24815083.18,19427131.42,,258889.99,494904.95
115750.48,13517832.92,5747470,66288.98,135374.42,318929.52
113596.8,18696238.77,20293458.99,58331.59,115441.33,425248.74
26624.64,15745651.9,16793671.21,75709.77,114548.96,185809.92
85997.8,8019400,15049804.9,43382.02,59561.98,429810.66
161712.1,13755335.72,23142801.8,31544.51,132110.7,175654.79
19493.58,5133843.62,9302403,78779.52,163898.66,458980.46
27171.83,11300364.77,7345080,31898.1,179129.87,397109.16
180768.64,28374471.29,,,71870.48,236716.98
127180.98,14487411.05,25742155.66,75477.57,254902.69,309798.99
16455.83,20425630.19,20077683.68,31301.9,119776.42,176565.78
197609.37,20791201.77,20584823.5,,229098,567166.54
16803.96,11019031.59,16203856.56,41614.39,,297821.79
33099.98,9877629,5067238,47673.67,235540.73,190455.67
185590.81,22774083.39,25019157.55,79194.46,158078.9,457842.52
29253.44,29263043.16,21922107.6,39486.85,142453.36,475572.81
130014.81,28475351.41,13040652.67,,85077.35,534142.64
179931.86,12951819.77,18536725.36,58282.24,150096.54,313532.59
38577.09,23863233.97,,40358.54,260829.51,246459.65
167620.38,27904399.77,19157713.42,37468.35,107308.37,551374.93
112996.42,23812778.4,26601782,76866.05,264911.37,449209.2
15520.1,12863783.93,4113536,78425.04,211142.99,268495.73
174009.52,16271274.78,15442880.2,35294.24,63308.68,244431.38
87334.19,25085072.01,26383587.47,81733.26,175226.74,
54900.74,20702998.24,16240913.94,46793.69,127765.77,358329.98
59516.93,16792435.88,12617172.84,80517.87,277071,294668.83
56662.97,21054632.27,17768003.36,43723.86,254755.9,582981
154111.39,22997156.3,12209684.82,37721.5,,338094.12
181706.28,27007794.55,14967875.57,55027.88,202644.22,506107.64
174772.85,10198917.28,16202566.24,30001.51,241677.21,358525.57
165220.5,8336513.36,14499626.26,,165750.15,459937
14462.27,23196177.21,5311064.69,27444.71,86196.51,234188.56
41982,17844738.98,7883962,25020.11,257550.55,387233.15
72808.66,13000566.64,9838816,,180231.91,363027.83
80000.74,8066506.53,8321876,76659.01,217007.21,350368.06
12148.7,10885623.13,7744470,66247.1,149400.48,319434.99
143482.87,12620669.16,,52694.26,65893.52,533444.14
63012.58,8969660,27960952.81,,280523.55,338287.3
53919.74,13361613.94,19310935.78,,96171.12,386049.18
127182.83,26312365.69,13032032.37,77314.98,61757.22,578232.25
115457.39,12791582.4,18675232.33,64996.79,130509.31,282301.89
120775.88,,12469443.2,36657.79,197742.56,385768.74
55989.92,18883160.41,14089137.56,26011.6,267153.01,505355.76
54817.68,7550855,26732191.94,30466.49,103268.77,448143.34
133213.32,8109282,25156619.83,78092.16,61000.09,190366.39
83049.75,20559010.8,16677380.25,48067.37,145898.48,230912
46502.64,18954043.95,27306823.33,48000.43,242023.68,345085.18
86649.97,26060841.07,27519008.55,66244.68,280836.3,515583.58
181002.65,6762786,27505559.69,53806.47,235987.64,390775.59
13532.87,29667178.8,24737121.91,48217.96,238971.86,
18436.58,22663189.15,18484773.19,57305.61,,401299.21
124813.35,14076316.52,10212911.66,22496.05,250837.76,509038.46
125318.94,5408828,21153640.99,67257.13,169777.11,439819.11
152643.48,23719826.82,27105045.74,80130.8,263296.71,254994.53
113302.3,13972119.15,13798355.24,69518.14,273096.86,500652.3
127452.49,19041639.17,5304627.04,45684.08,267743.81,388089.58
144350.69,6993234,15928778.46,45566.56,119494.1,557985.92
117267.23,26251655.27,5335814,68113.13,94750.75,449555.71
199056.99,24468696.87,,62892.2,77017.97,483722.34
108251.19,29372753.16,3748394,27593.21,283267.07,324615.09
163538.02,9021649,6294743,78659.69,93681.06,432347.41
164539.44,23621415.6,15462969.15,34958.36,118659.62,314519.44
112619.73,5932695.4,17528054.46,35064.52,134201.5,277325.13
154426.4,5042651,18654777.18,41793.92,184480.87,535790.38
97851.52,29483442.44,24818548.07,42720.55,89062.78,570696.37
54297.89,22448555.87,14934948.64,68826.18,198066.01,244498.68
143978.5,7844633.4,6775038,63990.43,241133.67,351004.77
111320.15,15755446.8,23673487.92,70113.21,,386176.54
174600.07,7365370,24002279.04,25010.52,101876.89,220648.07
111629.09,13193173.08,14445298.23,62617.36,227265.95,283116.51
167170.09,20503188.73,19133320.56,69959.73,61367.34,554954.71
69764.09,8971732,15730784.1,24495.67,,202954.16
144420.29,16979994.26,22442828.23,61093.84,166323.78,288175.02
118525.73,9096748,8721559,68250.77,219235,453466
182228.21,16336347.05,9065575,34128.52,170073.81,388772.95
13033.36,16356565.39,27129636.98,24483.87,151266,174563.13
113506.82,26342180.26,14817698.75,40078.55,172396.1,287571.06
83446.08,6310623,7359701,63548.93,96022.18,384112.27
143557.25,21042257.96,9442466,82285.4,284971.79,373295.87
67884.89,23274103.05,4719186,34827.97,193308.26,382045.47
21934.94,5940502,7706029.53,81610.34,,196990.84
114961.63,18554790.39,7229957.87,32875.63,122847.45,
94294.41,23527289.18,15326255.78,81475.73,96997.68,319338.74
149550.25,20965178.53,17926395.6,50199.36,271990.62,171391.75
99244.21,24724019.43,8032227,64964.27,108900.69,492078.75
158046.95,15681271.1,7718950,80163.53,95371.59,396621.94
88666.87,8030143,11604880.15,57515.02,210705.84,274213.14
97320.06,28768359.69,16130469.47,46431.44,159016.28,379254.05
52823.54,27121468.78,20078104.22,39499,278195.39,514135.68
154653.36,10643293.42,11994387.17,39253.38,284173.33,442865.71
122840.16,18670156.47,6334675,,,343201.32
10731.94,6733043.36,23489058.69,77372.9,228740.86,541526.38
98083.61,27060615.31,22266262.7,54593.02,256690.55,518983.83
46243.23,10079197.75,16290144.71,21689,212369.89,414451.62
194801.1,17842366.57,14883441.64,59108.86,65719.62,376955.31
179879.18,17283631.44,,63623.35,173938.42,501876.9
48122.11,27373795.86,20858886.25,77089.57,111504.51,217795.83
87083.62,27942441.27,25887987.37,34577.02,149428.89,210428.44
137641.91,18684434.48,15723854.24,75734.37,102028.75,259026.22
181589.76,16889089.6,8127160,67848.99,208259.67,
197697.04,24145640.63,20112423.12,42057.72,122579.68,323423.47
60506.22,27793715.88,20119737.57,,176586.98,503597.91
85468.14,21043800.36,6696928,25893.32,229984.86,295861.49
19906.69,24834686.67,23431307.98,29880.47,127330.54,349877
61097.39,28257108.51,24567502.27,56392.39,216078.97,
164029.46,13127488.54,13733314.37,49209.75,146979.03,206074.81
61407.33,5195045,22498043.48,75765.93,71955.02,233536.59
82868.64,6463898,13942905.69,77607.42,168029.4,214956.26
174233.31,9931069,13142530,62484.22,242265.24,167164.61
157209.09,25806970.85,18546427.38,44198.71,234805.83,243208.04
152535.29,11436755.91,6019045.12,37511.89,88271.83,324591.74
84914.98,17654867.94,,66164.42,85445.66,498865.24
39942.32,25608710.74,17934642.71,38329.82,81264.84,579480.84
143358.05,,24525371.24,84509.58,72371.9,542241.91
67263.1,26570492.04,9577428,58946.08,,430046.09
136068.18,5998727,24269500.78,61439.33,114276.24,377907
25798.86,20845266.16,7514571,49185.16,112482.12,414780.81
21155.25,22689784.02,10695368.77,27223.52,142909.14,302229.6
124691.32,22072180.96,16848196.95,64140.29,211787.9,309497.18
183868,6936941,22689996.15,50657.56,75052.17,163552.1
69003.7,19781374.91,18719893,68228.65,201371.64,189643.69
52031.79,16778627.33,8997879,30479.3,172121.78,182914.7
32745.66,6712685.12,21622006.11,34339.85,177678.88,518724
129506.41,,8725112,,159555.52,414879.94
115791.69,16165062.6,11232999.54,73710.29,242798.12,160272.77
24777.81,24503527.92,17155550.66,56375.93,113975.71,485720.4
82920.12,17552985.25,6782098.51,30925.1,102571.47,405501.59
76457.8,,17862734.17,34627.39,82005.91,181801.83
44414.36,15572617.95,12665326.09,21651.42,284080.66,534044.7
31990.3,27444528.82,26190294.57,52216.44,176374.91,280551.35
195318.47,19432482.71,,21697.57,241106.37,219676.89
197053.97,9183250,3594136.33,71216.66,74759.06,161424.97
31919.94,14347859.58,13891542.77,84389.58,136250.15,326538.77
126337.92,11467869.39,10318243.58,70483.85,100843.91,561927.17
110674.63,13306535.49,12566798.14,71072.85,208368.94,348853.45
15413.51,,26747779.59,49740.14,155862.26,409948.62
71554.91,23102148.05,12377686,45954.52,182668.56,223192.95
78820.44,,14090859.97,77416.54,121617.84,261054.73
89399.47,26133541.23,26613746.08,64437.95,68909.18,367084
137188.74,17611856.95,27507625.68,49539.48,123882.74,
188745.15,16941201.11,12677526.14,82130.85,171193.85,263148.8
112346.61,5278270,26618083.03,42281.71,71716.33,540111.92
62209.54,20069624.2,5627169,33029.36,68637.87,267764.48
14227.56,,15043160.05,,71051.02,209753.84
167549.08,16469824.23,14929573.32,35906.5,269148.61,192625.06
54540.01,8760879,26780849.28,56469.22,240842.6,424241.93
75961.98,15181148.62,11370480.43,57335.68,101543.71,579517.44
76858.77,18474834.24,24368117.42,24468.76,210000.97,423484.84
62478.31,29996972.72,23773512.5,84314.68,283031.24,362853.14
106199.3,12432601.19,20647870.86,76041.36,142753.17,
153784.88,12917294.16,19628264.55,37337.25,243373.86,515556.87
112989.47,15878240.73,22011560.68,50317.15,102047.85,405909.84
17691.23,18029754.51,19100468.74,25410.15,237435.24,556434.07
51809.29,14284605.72,9488811,48179.93,98402.71,515922.64
87754.3,7517343,17223435.79,43193.28,117191.92,160979.33
188377.36,27607338.43,7207064,26070.49,60397.62,389249.55
179412.67,24762522.48,21655789.4,46504.65,171779.12,187897
194424.55,10831357.3,10622157.87,43093.49,94081.34,364955.34
182727.12,13498401.87,,67940.64,79933.44,
165541.53,20886209.34,18288181.39,77385.37,167735.1,379457.74
126389.07,19938406.88,16428100.03,53842.89,70334.21,571694.41
21028.53,19454192.24,,44153.66,110532.34,565011.63
101354.54,10402245.34,24616117.32,29575.77,91309.63,556619.57
109843.45,16335520.3,,31063.9,255204.36,227070.24
160491.96,,24574534.28,38296.71,232470.29,394729.76
85482.68,9828791,16541783.92,,212819.9,
67945.67,19181975.92,11207717.24,61191.02,252022.3,267436.12
107953.64,20091668.09,15475184.59,69311.19,246003.65,351393.73
71983.2,12551509.66,24862005.81,65108.04,97356.87,422887.99
24542.97,11889802.88,21411545.01,27878.38,192976.42,264113.93
39375.92,5931958,,47426.13,131076.69,213526.54
27435.07,24220045.43,5711927,76935.62,255255.54,402699.38
195484.65,5310063,11585765.25,83041.94,132914.13,374539.29
169389.31,10119525.29,17215353.87,29183.47,148328.72,584027.94
43457.28,29972902.22,9561786,54706.68,177277.06,454764.08
23785.8,14436519.38,25290491.84,,108593.77,171654.84
59261.75,10254654.85,21826315.37,71126.16,211973.04,539163.22
64672.19,9267476,26445184.67,79092.96,282338.17,546558.79
180676.61,9366807,18311712.12,34243.33,66078.55,471090.45
141638.11,21223332.92,22379325.5,83342.64,234657.88,320950.19
182175.3,21060540.31,12470201.84,40356.48,185873.93,505468.23
198696.2,12474900.65,11364466.5,35117.41,279328.23,240384.65
187880.73,21048410.67,26857851.28,55108.73,268981.82,
139347.74,19229387.78,19411424.98,43877.77,99674.6,579140.53
36070.53,29093317.89,8699142,84205.52,283221.9,529785.94
129889.62,16634770.35,18311976.4,71089.96,269468,478851.25
149178.27,26904733,23728269.09,30835.88,226728.08,331055.63
28792.92,19412034.1,14638116.39,47183.22,156905.52,168261.1
62415.66,22895537.84,5006268,39991.45,275334.15,527421.77
150922.26,14468643.47,21991617.39,,188515.37,352837.66
32032.97,14655695.92,27880836.86,52313.95,176641.37,485097.71
158083.48,22263429.23,14888942.1,45406.06,250549.7,572143.92
185730.02,8966962,8892661,28798.38,138338.77,377922.67
181788.47,18350202.79,22992330.36,79043.3,201785.76,302084.19
33829.51,18885962.08,,47932.25,214672.89,190578.47
92013.29,25181577.16,8699739,46522.2,122106.03,345567.08
164135.23,22710729.9,13594189.25,39689.87,226030.19,
183656.41,15770867.19,27106032.88,76812.69,265353.65,522374.21
85488.02,20888856.15,26696616.86,56647.32,91485.74,348214.05
17394.75,15617541.66,14792761.56,63117.82,259133.93,566125
176855.29,23154671.9,6419887.37,34929.28,133128.73,525730.95
176513.07,17583489.26,11319466.38,80233.51,281458.96,583825.88
195910.1,13389096.03,13313088.41,62752.11,261336.97,526616.76
98075.41,5615992,,69407.55,165700.61,
44426.22,29909696.65,19978585.2,41151.06,157482.42,579857.4
56622.45,,,33102.43,196028.61,386812.85
39814.68,14960215.52,,27449.24,221572.18,239371.67
155376.36,28029179.47,20209228.54,47949.87,228178.63,552046.95
42183.33,17751130.77,16588736.85,50671.12,,504960.79
189440.42,5435024,8623907,62980.26,273990.71,221146.92
47819.91,20455547.88,25331825.43,79975.2,274421.21,473756.07
